Location and Total Property:;Detail Dates / Occupancy:;;;;;;;
Kuta: 227 properties found;Sat, Jan 13 - Sat, Feb 10 / 4 weeks, 2 adults;;;;;;;
;;;;;;;;
No.;Title/Desc. (1) Property;Title/Desc. (2) Property;Address;Total Reviews;Rating Property;Score Quality;Property Status in Booking.com;Property Price (Based on Detail Dates and Occupancy)
1;Tirtasuci House;Deluxe Double Room;Kartika Plaza, Kuta;2 reviews;10;Exceptional ;NEW Property!;Rp8.211.000,00
2;Private Pool Villas;One-Bedroom Villa;Raya Kuta, Kuta;1 review;10;Exceptional ;Been a while;Rp36.666.000,00
3;De Dukuh Guest House;Standard Double Room;Kuta;146 reviews;9.1;Wonderful ;Been a while;Rp8.260.000,00
4;Lokal Bali Hostel;Bunk Bed in Mixed Dormitory Room;Tuban, Kuta;733 reviews;9.1;Wonderful ;Been a while;Rp11.822.160,00
5;Seahouse Bali Indah Beach Inn;Standard Double or Twin Room with Balcony;Downtown Kuta, Kuta;496 reviews;9.1;Wonderful ;Been a while;Rp16.660.000,00
6;D'Sriwing Villa Gallery;Deluxe Room with Patio;Downtown Kuta, Kuta;391 reviews;9.0;Wonderful ;Been a while;Rp16.800.000,00
7;Beach Hut Hostel;Double Room with Private Bathroom;Kartika Plaza, Kuta;864 reviews;9.0;Wonderful ;Been a while;Rp19.040.000,00
8;Pudak Sari Unizou Hostel;Bunk Bed in Mixed Dormitory Room;Kartika Plaza, Kuta;573 reviews;9.2;Wonderful ;Been a while;Rp11.822.160,00
9;Poppies Bali;Garden View Cottage;Downtown Kuta, Kuta;723 reviews;9.3;Wonderful ;Been a while;Rp47.466.000,00
10;Amnaya Resort Kuta;Deluxe Double or Twin Room;Kartika Plaza, Kuta;4,227 reviews;9.1;Wonderful ;Been a while;Rp55.832.397,00
11;Villa Putu Mira By Maha Bali;Three-Bedroom Villa;Kartika Plaza, Kuta;2 reviews;9.0;Wonderful ;Been a while;Rp77.280.000,00
12;Segara Beach Villa;Villa;Kartika Plaza, Kuta;3 external reviews;Rating based on other travel sites (Rating can also be seen in Kualitas);Wonderful 9.3;Been a while;Rp214.200.000,00
13;Bali Caps;Bed in 6-Bed Mixed Dormitory Room;By Pass Ngurah Rai Kuta, Kuta;346 reviews;8.7;Excellent ;Been a while;Rp4.636.000,00
14;Da Housetel Kuta;Double Room with Private Bathroom;Sunset Road, Kuta;904 reviews;8.7;Excellent ;Been a while;Rp7.840.000,00
15;Jepun Segara Guest House;Deluxe Twin Room;Tuban, Kuta;608 reviews;8.5;Very Good ;Been a while;Rp8.400.000,00
16;Kos Bulan Bali;Double Room with Private Bathroom;Kuta;173 reviews;8.6;Excellent ;Been a while;Rp7.749.009,00
17;Suka Beach Inn;Superior Double Room;Downtown Kuta, Kuta;303 reviews;8.5;Very Good ;Been a while;Rp9.585.605,00
18;BS Home;Double or Twin Room with Private Bathroom;Tuban, Kuta;3 reviews;8.7;Excellent ;NEW Property!;Rp9.063.952,00
19;DBeds Kuta Beach By Destiny Hospitality;Single Bed in Male Dormitory Room;Downtown Kuta, Kuta;15 reviews;8.5;Very Good ;Been a while;Rp10.920.000,00
20;Jineswari Kuta by Kamara;Double Room with Pool View;Tuban, Kuta;29 reviews;8.7;Excellent ;NEW Property!;Rp11.476.069,00
21;Guna Graha Kuta by Kamara;Double Room with Pool View;Kartika Plaza, Kuta;144 reviews;8.7;Excellent ;Been a while;Rp11.970.000,00
22;Grandmas Plus Hotel Airport;Cozy Double or Twin Room;By Pass Ngurah Rai Kuta, Kuta;3,916 reviews;8.6;Excellent ;Been a while;Rp10.821.936,00
23;Praba Guesthouse;Deluxe Double Room;Tuban, Kuta;1,776 reviews;8.7;Excellent ;Been a while;Rp11.592.000,00
24;Swiss-Belhotel Tuban;Deluxe Double or Twin Room with Pool View;Kartika Plaza, Kuta;1,695 reviews;8.6;Excellent ;Been a while;Rp18.180.000,00
25;Febri's Hotel & Spa;Standard King Room - Room Only;Kartika Plaza, Kuta;922 reviews;8.6;Excellent ;Been a while;Rp17.260.236,00
